,Market_ID,Market_Name,Contract_ID,Contract_Name,PredictIt_Yes,bestBuyNoCost,BestSellYesCost,BestSellNoCost,state,answer,bet365,skybet,WilliamHill,888sport,betfair,paddypower,unibet,betfred,betway,sportingbet,betfairexchange,smarkets,numerator,denominator,bet365_imp_prob,skybet_imp_prob,WilliamHill_imp_prob,888sport_imp_prob,betfair_imp_prob,paddypower_imp_prob,unibet_imp_prob,betfred_imp_prob,betway_imp_prob,sportingbet_imp_prob,betfairexchange_imp_prob,smarkets_imp_prob,question_id,poll_id,cycle,office_type,538_poll_date,election_date,created_at,stage,race_id,candidate_name_x,candidate_party,538_latest_poll,Count,modeldate,candidate_name_y,pct_estimate,pct_trend_adjusted,ari_mean_imp_prob,PredictIt_Oppo_No,ari_mean_imp_prob-PredictIt_Yes
85,6625,Which party will win Alabama in the 2020 presidential election?,22223,Democratic,0.09,0.92,0.08,0.91,Alabama,Biden,16,10,14,10,12,12,10,16,10,10,71/5,81/5,81.0,5.0,0.06,0.09,0.07,0.09,0.08,0.08,0.09,0.06,0.09,0.09,0.07,0.06,125274.0,67048.0,2020.0,U.S. President,7/9/20,11/3/20,2020-07-10 12:09:00,general,6212.0,Joseph R. Biden Jr.,DEM,40.6,2.0,2020-07-31 00:00:00,Joseph R. Biden Jr.,39.41,39.61,0.08,0.09,-0.01
84,6625,Which party will win Alabama in the 2020 presidential election?,22222,Republican,0.92,0.09,0.91,0.08,Alabama,Trump,1/200,1/33,1/66,1/100,1/100,1/100,1/100,1/100,1/100,1/33,1/33,,0.0,1.0,1.0,0.97,0.99,0.99,0.99,0.99,0.99,0.99,0.99,0.97,0.97,,125274.0,67048.0,2020.0,U.S. President,7/9/20,11/3/20,2020-07-10 12:09:00,general,6212.0,Donald Trump,REP,55.0,2.0,2020-07-31 00:00:00,Joseph R. Trump,57.16,56.1,0.99,0.92,0.07
51,6591,Which party will win Alaska in the 2020 presidential election?,22094,Democratic,0.22,0.79,0.21,0.78,Alaska,Biden,13/2,9/2,4,13/2,5,5,13/2,11/2,11/2,7/2,23/5,26/5,26.0,5.0,0.13,0.18,0.2,0.13,0.17,0.17,0.13,0.15,0.15,0.22,0.18,0.16,126866.0,67783.0,2020.0,U.S. President,7/24/20,11/3/20,2020-07-28 12:34:00,general,6211.0,Joseph R. Biden Jr.,DEM,44.0,2.0,2020-07-31 00:00:00,Joseph R. Biden Jr.,44.76,44.5,0.16,0.22,-0.06
50,6591,Which party will win Alaska in the 2020 presidential election?,22093,Republican,0.8,0.22,0.78,0.2,Alaska,Trump,1/14,1/8,1/7,1/20,1/10,1/10,1/20,1/10,1/12,3/19,2/13,1/9,1.0,9.0,0.93,0.89,0.88,0.95,0.91,0.91,0.95,0.91,0.92,0.86,0.87,0.9,126866.0,67783.0,2020.0,U.S. President,7/24/20,11/3/20,2020-07-28 12:34:00,general,6211.0,Donald Trump,REP,50.0,2.0,2020-07-31 00:00:00,Joseph R. Trump,49.78,49.88,0.91,0.79,0.11
8,5596,Which party will win Arizona in the 2020 presidential election?,16000,Democratic,0.62,0.39,0.61,0.38,Arizona,Biden,8/13,8/15,8/15,11/20,8/13,8/13,11/20,8/13,4/7,1/2,4/7,4/7,4.0,7.0,0.62,0.65,0.65,0.65,0.62,0.62,0.65,0.62,0.64,0.67,0.64,0.64,126982.0,67838.0,2020.0,U.S. President,7/23/20,11/3/20,2020-07-30 08:37:00,general,6214.0,Joseph R. Biden Jr.,DEM,46.0,2.0,2020-07-31 00:00:00,Joseph R. Biden Jr.,48.68,48.53,0.64,0.6,0.02
9,5596,Which party will win Arizona in the 2020 presidential election?,15999,Republican,0.42,0.6,0.4,0.58,Arizona,Trump,6/5,11/8,11/8,13/10,6/5,6/5,13/10,6/5,5/4,6/4,5/4,11/8,11.0,8.0,0.45,0.42,0.42,0.43,0.45,0.45,0.43,0.45,0.44,0.4,0.44,0.42,126982.0,67838.0,2020.0,U.S. President,7/23/20,11/3/20,2020-07-30 08:37:00,general,6214.0,Donald Trump,REP,38.0,2.0,2020-07-31 00:00:00,Joseph R. Trump,44.54,44.59,0.43,0.39,0.01
59,6597,Which party will win Arkansas in the 2020 presidential election?,22112,Democratic,0.09,0.92,0.08,0.91,Arkansas,Biden,6,7,13/2,9,6,6,9,8,8,7,29/5,,0.0,1.0,0.14,0.12,0.13,0.1,0.14,0.14,0.1,0.11,0.11,0.12,0.15,,124637.0,66797.0,2020.0,U.S. President,6/10/20,11/3/20,2020-06-14 10:50:00,general,6213.0,Joseph R. Biden Jr.,DEM,45.0,2.0,2020-07-31 00:00:00,Joseph R. Biden Jr.,44.97,44.78,0.12,0.08,0.03
58,6597,Which party will win Arkansas in the 2020 presidential election?,22111,Republican,0.94,0.08,0.92,0.06,Arkansas,Trump,1/12,1/16,1/14,1/50,1/12,1/12,1/50,1/20,1/33,1/16,1/12,,0.0,1.0,0.92,0.94,0.93,0.98,0.92,0.92,0.98,0.95,0.97,0.94,0.92,,124637.0,66797.0,2020.0,U.S. President,6/10/20,11/3/20,2020-06-14 10:50:00,general,6213.0,Donald Trump,REP,47.0,2.0,2020-07-31 00:00:00,Joseph R. Trump,47.02,47.13,0.94,0.92,0.0
68,6611,Which party will win California in the 2020 presidential election?,22160,Democratic,0.95,0.06,0.94,0.05,California,Biden,1/200,1/100,1/100,1/100,1/300,1/300,1/100,1/200,1/100,1/100,1/100,,0.0,1.0,1.0,0.99,0.99,0.99,1.0,1.0,0.99,1.0,0.99,0.99,0.99,,124479.0,66727.0,2020.0,U.S. President,5/26/20,11/3/20,2020-06-04 00:00:00,general,6215.0,Joseph R. Biden Jr.,DEM,57.0,2.0,2020-07-31 00:00:00,Joseph R. Biden Jr.,60.22,60.6,0.99,0.95,0.04
69,6611,Which party will win California in the 2020 presidential election?,22159,Republican,0.06,0.95,0.05,0.94,California,Trump,16,12,16,14,12,12,14,20,14,16,36,,0.0,1.0,0.06,0.08,0.06,0.07,0.08,0.08,0.07,0.05,0.07,0.06,0.03,,124479.0,66727.0,2020.0,U.S. President,5/26/20,11/3/20,2020-06-04 00:00:00,general,6215.0,Donald Trump,REP,33.0,2.0,2020-07-31 00:00:00,Joseph R. Trump,33.1,31.54,0.06,0.06,0.0
26,5605,Which party will win Colorado in the 2020 presidential election?,16018,Democratic,0.89,0.12,0.88,0.11,Colorado,Biden,1/10,1/9,1/10,1/14,1/10,1/10,1/14,1/8,1/10,1/10,1/14,1/16,1.0,16.0,0.91,0.9,0.91,0.93,0.91,0.91,0.93,0.89,0.91,0.91,0.93,0.94,126880.0,67794.0,2020.0,U.S. President,5/26/20,11/3/20,2020-07-28 15:45:00,general,6216.0,Joseph R. Biden Jr.,DEM,50.0,2.0,2020-07-31 00:00:00,Joseph R. Biden Jr.,52.32,52.65,0.91,0.88,0.02
27,5605,Which party will win Colorado in the 2020 presidential election?,16017,Republican,0.13,0.88,0.12,0.87,Colorado,Trump,11/2,5,11/2,11/2,5,5,11/2,9/2,11/2,11/2,31/5,5,5.0,1.0,0.15,0.17,0.15,0.15,0.17,0.17,0.15,0.18,0.15,0.15,0.14,0.17,126880.0,67794.0,2020.0,U.S. President,5/26/20,11/3/20,2020-07-28 15:45:00,general,6216.0,Donald Trump,REP,42.0,2.0,2020-07-31 00:00:00,Joseph R. Trump,40.15,39.36,0.16,0.12,0.03
48,6587,Which party will win Connecticut in the 2020 presidential election?,22081,Democratic,0.94,0.07,0.93,0.06,Connecticut,Biden,1/80,,1/33,1/50,1/66,1/66,1/50,1/33,1/50,1/20,1/100,8/15,8.0,15.0,0.99,,0.97,0.98,0.99,0.99,0.98,0.97,0.98,0.95,0.99,0.65,122949.0,66147.0,2020.0,U.S. President,5/4/20,11/3/20,2020-05-06 15:02:00,general,6217.0,Joseph R. Biden Jr.,DEM,56.0,2.0,2020-07-31 00:00:00,Joseph R. Biden Jr.,54.37,55.02,0.95,0.94,0.01
49,6587,Which party will win Connecticut in the 2020 presidential election?,22080,Republican,0.08,0.94,0.06,0.92,Connecticut,Trump,12,,10,8,9,9,8,10,9,8,49/5,6/5,6.0,5.0,0.08,,0.09,0.11,0.1,0.1,0.11,0.09,0.1,0.11,0.09,0.45,122949.0,66147.0,2020.0,U.S. President,5/4/20,11/3/20,2020-05-06 15:02:00,general,6217.0,Donald Trump,REP,33.0,2.0,2020-07-31 00:00:00,Joseph R. Trump,34.93,33.1,0.13,0.07,0.05
104,6644,Which party will win DC in the 2020 presidential election?,22285,Democratic,0.99,0.02,0.98,0.01,DC,Biden,,,1/200,,,,,1/200,,,,,0.0,1.0,,,1.0,,,,,1.0,,,,,,,,,,,,,,,,,,,,,,1.0,0.99,0.01
105,6644,Which party will win DC in the 2020 presidential election?,22284,Republican,0.02,0.99,0.01,0.98,DC,Trump,,,20,,,,,20,,,,,0.0,1.0,,,0.05,,,,,0.05,,,,,,,,,,,,,,,,,,,,,,0.05,0.02,0.03
98,6636,Which party will win Delaware in the 2020 presidential election?,22264,Democratic,0.96,0.06,0.94,0.04,Delaware,Biden,1/80,1/33,1/50,1/100,1/66,1/66,1/100,1/33,1/50,1/33,1/50,,0.0,1.0,0.99,0.97,0.98,0.99,0.99,0.99,0.99,0.97,0.98,0.97,0.98,,116194.0,63365.0,2020.0,U.S. President,1/21/20,11/3/20,2020-01-28 00:00:00,general,6219.0,Joseph R. Biden Jr.,DEM,55.9,2.0,2020-07-31 00:00:00,Joseph R. Biden Jr.,55.88,55.97,0.98,0.96,0.02
99,6636,Which party will win Delaware in the 2020 presidential election?,22263,Republican,0.05,0.96,0.04,0.95,Delaware,Trump,12,10,12,10,9,9,10,10,9,10,46/5,,0.0,1.0,0.08,0.09,0.08,0.09,0.1,0.1,0.09,0.09,0.1,0.09,0.1,,116194.0,63365.0,2020.0,U.S. President,1/21/20,11/3/20,2020-01-28 00:00:00,general,6219.0,Donald Trump,REP,40.2,2.0,2020-07-31 00:00:00,Joseph R. Trump,40.22,37.17,0.09,0.06,0.04
4,5544,Which party will win Florida in the 2020 presidential election?,15707,Democratic,0.62,0.39,0.61,0.38,Florida,Biden,4/7,4/7,4/7,11/20,4/7,4/7,11/20,4/7,3/5,6/11,4/7,4/9,4.0,9.0,0.64,0.64,0.64,0.65,0.64,0.64,0.65,0.64,0.62,0.65,0.64,0.69,126984.0,67840.0,2020.0,U.S. President,7/21/20,11/3/20,2020-07-30 08:37:00,general,6220.0,Joseph R. Biden Jr.,DEM,48.0,2.0,2020-07-31 00:00:00,Joseph R. Biden Jr.,49.88,49.73,0.64,0.6,0.02
5,5544,Which party will win Florida in the 2020 presidential election?,15706,Republican,0.41,0.6,0.4,0.59,Florida,Trump,5/4,5/4,5/4,13/10,5/4,5/4,13/10,5/4,6/5,5/4,11/8,11/8,11.0,8.0,0.44,0.44,0.44,0.43,0.44,0.44,0.43,0.44,0.45,0.44,0.42,0.42,126984.0,67840.0,2020.0,U.S. President,7/21/20,11/3/20,2020-07-30 08:37:00,general,6220.0,Donald Trump,REP,41.0,2.0,2020-07-31 00:00:00,Joseph R. Trump,43.69,43.75,0.44,0.39,0.03
25,5604,Which party will win Georgia in the 2020 presidential election?,16016,Democratic,0.42,0.6,0.4,0.58,Georgia,Biden,6/5,5/4,10/11,11/10,5/4,5/4,11/10,5/4,6/5,1,5/4,20/21,20.0,21.0,0.45,0.44,0.52,0.48,0.44,0.44,0.48,0.44,0.45,0.5,0.44,0.51,126937.0,67821.0,2020.0,U.S. President,7/27/20,11/3/20,2020-07-29 11:04:00,general,6221.0,Joseph R. Biden Jr.,DEM,46.0,2.0,2020-07-31 00:00:00,Joseph R. Biden Jr.,45.98,45.89,0.47,0.4,0.05
24,5604,Which party will win Georgia in the 2020 presidential election?,16015,Republican,0.61,0.4,0.6,0.39,Georgia,Trump,8/13,4/7,4/5,13/20,4/7,4/7,13/20,4/7,8/13,3/4,4/7,8/13,8.0,13.0,0.62,0.64,0.56,0.61,0.64,0.64,0.61,0.64,0.62,0.57,0.64,0.62,126937.0,67821.0,2020.0,U.S. President,7/27/20,11/3/20,2020-07-29 11:04:00,general,6221.0,Donald Trump,REP,49.0,2.0,2020-07-31 00:00:00,Joseph R. Trump,47.11,47.1,0.62,0.6,0.01
92,6631,Which party will win Hawaii in the 2020 presidential election?,22240,Democratic,0.97,0.04,0.96,0.03,Hawaii,Biden,1/200,,1/200,1/100,1/100,1/100,1/100,1/100,,1/100,1/100,,0.0,1.0,1.0,,1.0,0.99,0.99,0.99,0.99,0.99,,0.99,0.99,,,,,,,,,,,,,,,,,,,0.99,0.96,0.02
93,6631,Which party will win Hawaii in the 2020 presidential election?,22239,Republican,0.05,0.96,0.04,0.95,Hawaii,Trump,16,,20,14,10,10,14,16,,16,51/5,,0.0,1.0,0.06,,0.05,0.07,0.09,0.09,0.07,0.06,,0.06,0.09,,,,,,,,,,,,,,,,,,,0.07,0.04,0.02
81,6623,Which party will win Idaho in the 2020 presidential election?,22219,Democratic,0.07,0.94,0.06,0.93,Idaho,Biden,16,,16,12,10,10,12,16,,10,49/5,,0.0,1.0,0.06,,0.06,0.08,0.09,0.09,0.08,0.06,,0.09,0.09,,,,,,,,,,,,,,,,,,,0.08,0.07,0.01
80,6623,Which party will win Idaho in the 2020 presidential election?,22218,Republican,0.95,0.07,0.93,0.05,Idaho,Trump,1/200,,1/100,1/100,1/100,1/100,1/100,1/100,,1/33,1/100,,0.0,1.0,1.0,,0.99,0.99,0.99,0.99,0.99,0.99,,0.97,0.99,,,,,,,,,,,,,,,,,,,0.99,0.94,0.04
72,6613,Which party will win Illinois in the 2020 presidential election?,22164,Democratic,0.95,0.06,0.94,0.05,Illinois,Biden,1/200,,1/100,1/100,1/100,1/100,1/100,1/100,1/50,1/25,1/50,,0.0,1.0,1.0,,0.99,0.99,0.99,0.99,0.99,0.99,0.98,0.96,0.98,,,,,,,,,,,,,,,,,,,0.99,0.94,0.04
73,6613,Which party will win Illinois in the 2020 presidential election?,22163,Republican,0.07,0.94,0.06,0.93,Illinois,Trump,16,,16,14,10,10,14,16,9,8,54/5,,0.0,1.0,0.06,,0.06,0.07,0.09,0.09,0.07,0.06,0.1,0.11,0.08,,,,,,,,,,,,,,,,,,,0.08,0.06,0.01
35,6572,Which party will win Indiana in the 2020 presidential election?,22034,Democratic,0.14,0.87,0.13,0.86,Indiana,Biden,13/2,,11/2,13/2,6,6,13/2,6,5,9/2,23/5,,0.0,1.0,0.13,,0.15,0.13,0.14,0.14,0.13,0.14,0.17,0.18,0.18,,124049.0,66561.0,2020.0,U.S. President,5/23/20,11/3/20,2020-05-28 18:57:00,general,6226.0,Joseph R. Biden Jr.,DEM,39.0,2.0,2020-07-31 00:00:00,Joseph R. Biden Jr.,38.08,38.74,0.15,0.13,0.01
34,6572,Which party will win Indiana in the 2020 presidential election?,22033,Republican,0.88,0.13,0.87,0.12,Indiana,Trump,1/14,,1/10,1/20,1/12,1/12,1/20,1/12,1/10,1/8,1/12,,0.0,1.0,0.93,,0.91,0.95,0.92,0.92,0.95,0.92,0.91,0.89,0.92,,124049.0,66561.0,2020.0,U.S. President,5/23/20,11/3/20,2020-05-28 18:57:00,general,6226.0,Donald Trump,REP,49.0,2.0,2020-07-31 00:00:00,Joseph R. Trump,51.75,50.28,0.92,0.87,0.04
23,5603,Which party will win Iowa in the 2020 presidential election?,16014,Democratic,0.4,0.61,0.39,0.6,Iowa,Biden,6/4,5/4,6/5,11/10,5/4,5/4,11/10,6/4,7/5,5/4,27/20,6/5,6.0,5.0,0.4,0.44,0.45,0.48,0.44,0.44,0.48,0.4,0.42,0.44,0.43,0.45,126869.0,67786.0,2020.0,U.S. President,7/24/20,11/3/20,2020-07-28 12:34:00,general,6223.0,Joseph R. Biden Jr.,DEM,47.0,2.0,2020-07-31 00:00:00,Joseph R. Biden Jr.,45.62,45.66,0.44,0.4,0.04
22,5603,Which party will win Iowa in the 2020 presidential election?,16013,Republican,0.61,0.4,0.6,0.39,Iowa,Trump,1/2,4/7,8/13,13/20,4/7,4/7,13/20,1/2,8/15,4/7,4/7,1/2,1.0,2.0,0.67,0.64,0.62,0.61,0.64,0.64,0.61,0.67,0.65,0.64,0.64,0.67,126869.0,67786.0,2020.0,U.S. President,7/24/20,11/3/20,2020-07-28 12:34:00,general,6223.0,Donald Trump,REP,48.0,2.0,2020-07-31 00:00:00,Joseph R. Trump,47.12,46.68,0.64,0.61,0.03
87,6627,Which party will win Kansas in the 2020 presidential election?,22227,Democratic,0.14,0.88,0.12,0.86,Kansas,Biden,10,,7,9,10,10,9,12,,7,44/5,,0.0,1.0,0.09,,0.12,0.1,0.09,0.09,0.1,0.08,,0.12,0.1,,124409.0,66701.0,2020.0,U.S. President,6/1/20,11/3/20,2020-06-02 08:20:00,general,6227.0,Joseph R. Biden Jr.,DEM,40.0,2.0,2020-07-31 00:00:00,Joseph R. Biden Jr.,40.41,40.63,0.1,0.13,-0.04
86,6627,Which party will win Kansas in the 2020 presidential election?,22226,Republican,0.88,0.13,0.87,0.12,Kansas,Trump,1/50,,1/16,1/50,1/100,1/100,1/50,1/50,,1/16,1/12,,0.0,1.0,0.98,,0.94,0.98,0.99,0.99,0.98,0.98,,0.94,0.92,,124409.0,66701.0,2020.0,U.S. President,6/1/20,11/3/20,2020-06-02 08:20:00,general,6227.0,Donald Trump,REP,52.0,2.0,2020-07-31 00:00:00,Joseph R. Trump,53.06,51.34,0.97,0.88,0.09
53,6592,Which party will win Kentucky in the 2020 presidential election?,22096,Democratic,0.09,0.92,0.08,0.91,Kentucky,Biden,12,,12,9,14,14,9,16,,9,25,,0.0,1.0,0.08,,0.08,0.1,0.07,0.07,0.1,0.06,,0.1,0.04,,126524.0,67624.0,2020.0,U.S. President,7/16/20,11/3/20,2020-07-22 18:47:00,general,6228.0,Joseph R. Biden Jr.,DEM,33.57,2.0,2020-07-31 00:00:00,Joseph R. Biden Jr.,37.86,38.03,0.08,0.08,-0.01
52,6592,Which party will win Kentucky in the 2020 presidential election?,22095,Republican,0.93,0.08,0.92,0.07,Kentucky,Trump,1/80,,1/50,1/50,1/200,1/200,1/50,1/100,,1/25,1/50,,0.0,1.0,0.99,,0.98,0.98,1.0,1.0,0.98,0.99,,0.96,0.98,,126524.0,67624.0,2020.0,U.S. President,7/16/20,11/3/20,2020-07-22 18:47:00,general,6228.0,Donald Trump,REP,60.29,2.0,2020-07-31 00:00:00,Joseph R. Trump,56.25,56.0,0.98,0.92,0.05
79,6617,Which party will win Louisiana in the 2020 presidential election?,22179,Democratic,0.09,0.93,0.07,0.91,Louisiana,Biden,11,,9,10,14,14,10,16,,7,42/5,,0.0,1.0,0.08,,0.1,0.09,0.07,0.07,0.09,0.06,,0.12,0.11,,,,,,,,,,,,,,,,,,,0.09,0.09,0.0
78,6617,Which party will win Louisiana in the 2020 presidential election?,22178,Republican,0.93,0.09,0.91,0.07,Louisiana,Trump,1/66,,1/25,1/100,1/200,1/200,1/100,1/100,,1/16,1/25,,0.0,1.0,0.99,,0.96,0.99,1.0,1.0,0.99,0.99,,0.94,0.96,,,,,,,,,,,,,,,,,,,0.98,0.93,0.05
110,6647,Which party will win ME-01 in the 2020 presidential election?,22291,Democratic,0.95,0.06,0.94,0.05,ME-01,Biden,,,,,,,,,,,,,,,,,,,,,,,,,,,126875.0,67791.0,2020.0,U.S. President,7/24/20,11/3/20,2020-07-28 15:40:00,general,8422.0,Joseph R. Biden Jr.,DEM,55.0,2.0,,,,,,0.95,
111,6647,Which party will win ME-01 in the 2020 presidential election?,22290,Republican,0.06,0.95,0.05,0.94,ME-01,Trump,,,,,,,,,,,,,,,,,,,,,,,,,,,126875.0,67791.0,2020.0,U.S. President,7/24/20,11/3/20,2020-07-28 15:40:00,general,8422.0,Donald Trump,REP,35.0,2.0,,,,,,0.06,
31,6190,Which party will win ME-02 in the 2020 presidential election?,19490,Democratic,0.45,0.57,0.43,0.55,ME-02,Biden,,,,,,,,,,,,,,,,,,,,,,,,,,,126876.0,67792.0,2020.0,U.S. President,7/24/20,11/3/20,2020-07-28 15:40:00,general,8423.0,Joseph R. Biden Jr.,DEM,45.0,2.0,,,,,,0.43,
30,6190,Which party will win ME-02 in the 2020 presidential election?,19489,Republican,0.61,0.43,0.57,0.39,ME-02,Trump,,,,,,,,,,,,,,,,,,,,,,,,,,,126876.0,67792.0,2020.0,U.S. President,7/24/20,11/3/20,2020-07-28 15:40:00,general,8423.0,Donald Trump,REP,42.0,2.0,,,,,,0.57,
32,6571,Which party will win Maine in the 2020 presidential election?,22032,Democratic,0.86,0.15,0.85,0.14,Maine,Biden,1/6,,1/7,1/6,1/7,1/7,1/6,1/6,1/6,2/13,2/13,1/9,1.0,9.0,0.86,,0.88,0.86,0.88,0.88,0.86,0.86,0.86,0.87,0.87,0.9,126874.0,67790.0,2020.0,U.S. President,7/24/20,11/3/20,2020-07-28 15:40:00,general,6232.0,Joseph R. Biden Jr.,DEM,50.0,2.0,2020-07-31 00:00:00,Joseph R. Biden Jr.,51.56,51.66,0.87,0.85,0.01
33,6571,Which party will win Maine in the 2020 presidential election?,22031,Republican,0.17,0.85,0.15,0.83,Maine,Trump,7/2,,4,13/4,4,4,13/4,7/2,4,4,4,7/2,7.0,2.0,0.22,,0.2,0.24,0.2,0.2,0.24,0.22,0.2,0.2,0.2,0.22,126874.0,67790.0,2020.0,U.S. President,7/24/20,11/3/20,2020-07-28 15:40:00,general,6232.0,Donald Trump,REP,38.0,2.0,2020-07-31 00:00:00,Joseph R. Trump,41.41,40.57,0.21,0.15,0.04
54,6593,Which party will win Maryland in the 2020 presidential election?,22098,Democratic,0.96,0.05,0.95,0.04,Maryland,Biden,1/200,,1/66,1/100,1/100,1/100,1/100,1/50,,1/41,1/100,,0.0,1.0,1.0,,0.99,0.99,0.99,0.99,0.99,0.98,,0.98,0.99,,123959.0,66519.0,2020.0,U.S. President,5/23/20,11/3/20,2020-05-26 00:00:00,general,6231.0,Joseph R. Biden Jr.,DEM,59.1,2.0,2020-07-31 00:00:00,Joseph R. Biden Jr.,59.55,59.8,0.99,0.96,0.03
55,6593,Which party will win Maryland in the 2020 presidential election?,22097,Republican,0.05,0.96,0.04,0.95,Maryland,Trump,16,,14,10,10,10,10,12,,12,68/5,,0.0,1.0,0.06,,0.07,0.09,0.09,0.09,0.09,0.08,,0.08,0.07,,123959.0,66519.0,2020.0,U.S. President,5/23/20,11/3/20,2020-05-26 00:00:00,general,6231.0,Donald Trump,REP,35.3,2.0,2020-07-31 00:00:00,Joseph R. Trump,35.16,33.4,0.08,0.05,0.03
56,6596,Which party will win Massachusetts in the 2020 presidential election?,22110,Democratic,0.96,0.05,0.95,0.04,Massachusetts,Biden,1/200,,1/50,1/50,1/100,1/100,1/50,1/100,,1/41,1/100,,0.0,1.0,1.0,,0.98,0.98,0.99,0.99,0.98,0.99,,0.98,0.99,,126861.0,67780.0,2020.0,U.S. President,7/20/20,11/3/20,2020-07-28 08:22:00,general,6230.0,Joseph R. Biden Jr.,DEM,55.0,2.0,2020-07-31 00:00:00,Joseph R. Biden Jr.,59.67,59.91,0.99,0.96,0.03
57,6596,Which party will win Massachusetts in the 2020 presidential election?,22109,Republican,0.05,0.96,0.04,0.95,Massachusetts,Trump,16,,12,8,11,11,8,16,,12,54/5,,0.0,1.0,0.06,,0.08,0.11,0.08,0.08,0.11,0.06,,0.08,0.08,,126861.0,67780.0,2020.0,U.S. President,7/20/20,11/3/20,2020-07-28 08:22:00,general,6230.0,Donald Trump,REP,23.0,2.0,2020-07-31 00:00:00,Joseph R. Trump,28.91,28.18,0.08,0.05,0.03
6,5545,Which party will win Michigan in the 2020 presidential election?,15709,Democratic,0.76,0.25,0.75,0.24,Michigan,Biden,1/4,2/9,1/4,1/6,1/5,1/5,1/6,1/4,1/4,1/4,1/4,2/13,2.0,13.0,0.8,0.82,0.8,0.86,0.83,0.83,0.86,0.8,0.8,0.8,0.8,0.87,126986.0,67842.0,2020.0,U.S. President,7/24/20,11/3/20,2020-07-30 08:38:00,general,6233.0,Joseph R. Biden Jr.,DEM,49.0,2.0,2020-07-31 00:00:00,Joseph R. Biden Jr.,49.77,49.62,0.82,0.74,0.06
7,5545,Which party will win Michigan in the 2020 presidential election?,15708,Republican,0.27,0.74,0.26,0.73,Michigan,Trump,11/4,3,11/4,13/4,11/4,11/4,13/4,11/4,5/2,11/4,11/4,3,3.0,1.0,0.27,0.25,0.27,0.24,0.27,0.27,0.24,0.27,0.29,0.27,0.27,0.25,126986.0,67842.0,2020.0,U.S. President,7/24/20,11/3/20,2020-07-30 08:38:00,general,6233.0,Donald Trump,REP,37.0,2.0,2020-07-31 00:00:00,Joseph R. Trump,41.47,41.51,0.26,0.25,-0.01
10,5597,Which party will win Minnesota in the 2020 presidential election?,16002,Democratic,0.8,0.21,0.79,0.2,Minnesota,Biden,1/6,1/5,1/6,1/7,1/6,1/6,1/7,1/6,,1/5,2/9,1/5,1.0,5.0,0.86,0.83,0.86,0.88,0.86,0.86,0.88,0.86,,0.83,0.82,0.83,127015.0,67851.0,2020.0,U.S. President,7/23/20,11/3/20,2020-07-31 07:19:00,general,6234.0,Joseph R. Biden Jr.,DEM,52.0,2.0,2020-07-31 00:00:00,Joseph R. Biden Jr.,50.5,50.5,0.85,0.78,0.05
11,5597,Which party will win Minnesota in the 2020 presidential election?,16001,Republican,0.23,0.78,0.22,0.77,Minnesota,Trump,7/2,10/3,7/2,7/2,7/2,7/2,7/2,7/2,,7/2,7/2,13/5,13.0,5.0,0.22,0.23,0.22,0.22,0.22,0.22,0.22,0.22,,0.22,0.22,0.28,127015.0,67851.0,2020.0,U.S. President,7/23/20,11/3/20,2020-07-31 07:19:00,general,6234.0,Donald Trump,REP,42.0,2.0,2020-07-31 00:00:00,Joseph R. Trump,42.92,42.79,0.23,0.21,0.0
89,6628,Which party will win Mississippi in the 2020 presidential election?,22229,Democratic,0.1,0.91,0.09,0.9,Mississippi,Biden,10,,12,10,9,9,10,10,16,9,36/5,,0.0,1.0,0.09,,0.08,0.09,0.1,0.1,0.09,0.09,0.06,0.1,0.12,,124703.0,66825.0,2020.0,U.S. President,6/4/20,11/3/20,2020-06-16 15:06:00,general,6236.0,Joseph R. Biden Jr.,DEM,40.6,2.0,2020-07-31 00:00:00,Joseph R. Biden Jr.,40.37,40.61,0.09,0.08,-0.01
88,6628,Which party will win Mississippi in the 2020 presidential election?,22228,Republican,0.93,0.08,0.92,0.07,Mississippi,Trump,1/50,,1/50,1/100,1/50,1/50,1/100,1/33,1/66,1/25,1/50,,0.0,1.0,0.98,,0.98,0.99,0.98,0.98,0.99,0.97,0.99,0.96,0.98,,124703.0,66825.0,2020.0,U.S. President,6/4/20,11/3/20,2020-06-16 15:06:00,general,6236.0,Donald Trump,REP,50.4,2.0,2020-07-31 00:00:00,Joseph R. Trump,52.48,51.5,0.98,0.91,0.05
41,6581,Which party will win Missouri in the 2020 presidential election?,22063,Democratic,0.15,0.87,0.13,0.85,Missouri,Biden,13/2,,9/2,8,9,9,8,6,,4,6,,0.0,1.0,0.13,,0.18,0.11,0.1,0.1,0.11,0.14,,0.2,0.14,,125320.0,67069.0,2020.0,U.S. President,7/1/20,11/3/20,2020-07-13 10:55:00,general,6235.0,Joseph R. Biden Jr.,DEM,42.5,2.0,2020-07-31 00:00:00,Joseph R. Biden Jr.,43.62,43.45,0.13,0.15,-0.02
40,6581,Which party will win Missouri in the 2020 presidential election?,22062,Republican,0.87,0.15,0.85,0.13,Missouri,Trump,1/14,,1/8,1/50,1/66,1/66,1/50,1/10,,1/7,1/8,,0.0,1.0,0.93,,0.89,0.98,0.99,0.99,0.98,0.91,,0.88,0.89,,125320.0,67069.0,2020.0,U.S. President,7/1/20,11/3/20,2020-07-13 10:55:00,general,6235.0,Donald Trump,REP,49.6,2.0,2020-07-31 00:00:00,Joseph R. Trump,49.45,48.89,0.94,0.87,0.07
63,6606,Which party will win Montana in the 2020 presidential election?,22127,Democratic,0.17,0.85,0.15,0.83,Montana,Biden,7/2,,9/2,9,10,10,9,8,7,4,24/5,,0.0,1.0,0.22,,0.18,0.1,0.09,0.09,0.1,0.11,0.12,0.2,0.17,,126871.0,67788.0,2020.0,U.S. President,7/24/20,11/3/20,2020-07-28 12:34:00,general,6237.0,Joseph R. Biden Jr.,DEM,45.0,2.0,2020-07-31 00:00:00,Joseph R. Biden Jr.,42.92,42.8,0.14,0.14,-0.03
62,6606,Which party will win Montana in the 2020 presidential election?,22126,Republican,0.87,0.14,0.86,0.13,Montana,Trump,1/6,,1/8,1/100,1/100,1/100,1/100,1/20,1/20,1/7,1/10,,0.0,1.0,0.86,,0.89,0.99,0.99,0.99,0.99,0.95,0.95,0.88,0.91,,126871.0,67788.0,2020.0,U.S. President,7/24/20,11/3/20,2020-07-28 12:34:00,general,6237.0,Donald Trump,REP,50.0,2.0,2020-07-31 00:00:00,Joseph R. Trump,51.23,51.21,0.94,0.85,0.07
107,6645,Which party will win NE-01 in the 2020 presidential election?,22287,Democratic,0.06,0.95,0.05,0.94,NE-01,Biden,,,,,,,,,,,,,,,,,,,,,,,,,,,,,,,,,,,,,,,,,,,,,0.06,
106,6645,Which party will win NE-01 in the 2020 presidential election?,22286,Republican,0.96,0.06,0.94,0.04,NE-01,Trump,,,,,,,,,,,,,,,,,,,,,,,,,,,,,,,,,,,,,,,,,,,,,0.95,
64,6608,Which party will win NE-02 in the 2020 presidential election?,22138,Democratic,0.74,0.27,0.73,0.26,NE-02,Biden,,,,,,,,,,,,,,,,,,,,,,,,,,,125307.0,67063.0,2020.0,U.S. President,7/5/20,11/3/20,2020-07-13 06:58:00,general,8718.0,Joseph R. Biden Jr.,DEM,51.0,2.0,,,,,,0.72,
65,6608,Which party will win NE-02 in the 2020 presidential election?,22137,Republican,0.31,0.72,0.28,0.69,NE-02,Trump,,,,,,,,,,,,,,,,,,,,,,,,,,,125307.0,67063.0,2020.0,U.S. President,7/5/20,11/3/20,2020-07-13 06:58:00,general,8718.0,Donald Trump,REP,44.0,2.0,,,,,,0.27,
109,6646,Which party will win NE-03 in the 2020 presidential election?,22289,Democratic,0.03,0.98,0.02,0.97,NE-03,Biden,,,,,,,,,,,,,,,,,,,,,,,,,,,,,,,,,,,,,,,,,,,,,0.04,
108,6646,Which party will win NE-03 in the 2020 presidential election?,22288,Republican,0.97,0.04,0.96,0.03,NE-03,Trump,,,,,,,,,,,,,,,,,,,,,,,,,,,,,,,,,,,,,,,,,,,,,0.98,
83,6624,Which party will win Nebraska in the 2020 presidential election?,22221,Democratic,0.09,0.92,0.08,0.91,Nebraska,Biden,,,,,,,,,,,,,,,,,,,,,,,,,,,,,,,,,,,,,,,,,,,,,0.09,
82,6624,Which party will win Nebraska in the 2020 presidential election?,22220,Republican,0.93,0.09,0.91,0.07,Nebraska,Trump,,,,,,,,,,,,,,,,,,,,,,,,,,,,,,,,,,,,,,,,,,,,,0.92,
18,5601,Which party will win Nevada in the 2020 presidential election?,16010,Democratic,0.82,0.19,0.81,0.18,Nevada,Biden,1/7,1/8,1/6,11/50,1/5,1/5,11/50,1/6,1/6,3/19,1/5,2/9,2.0,9.0,0.88,0.89,0.86,0.82,0.83,0.83,0.82,0.86,0.86,0.86,0.83,0.82,122928.0,66142.0,2020.0,U.S. President,4/30/20,11/3/20,2020-05-06 12:06:00,general,6244.0,Joseph R. Biden Jr.,DEM,49.0,2.0,2020-07-31 00:00:00,Joseph R. Biden Jr.,46.74,46.97,0.85,0.8,0.03
19,5601,Which party will win Nevada in the 2020 presidential election?,16009,Republican,0.21,0.8,0.2,0.79,Nevada,Trump,4,9/2,7/2,11/4,3,3,11/4,7/2,7/2,7/2,3,12/5,12.0,5.0,0.2,0.18,0.22,0.27,0.25,0.25,0.27,0.22,0.22,0.22,0.25,0.29,122928.0,66142.0,2020.0,U.S. President,4/30/20,11/3/20,2020-05-06 12:06:00,general,6244.0,Donald Trump,REP,45.0,2.0,2020-07-31 00:00:00,Joseph R. Trump,42.68,40.35,0.24,0.19,0.03
12,5598,Which party will win New Hampshire in the 2020 presidential election?,16004,Democratic,0.78,0.23,0.77,0.22,New Hampshire,Biden,3/10,1/3,2/7,4/11,1/3,1/3,4/11,1/3,1/3,3/10,1/3,1/4,1.0,4.0,0.77,0.75,0.78,0.73,0.75,0.75,0.73,0.75,0.75,0.77,0.75,0.8,127000.0,67829.0,2020.0,U.S. President,5/18/20,11/3/20,2020-07-30 12:10:00,general,6241.0,Joseph R. Biden Jr.,DEM,44.0,2.0,2020-07-31 00:00:00,Joseph R. Biden Jr.,50.5,50.7,0.76,0.77,-0.02
13,5598,Which party will win New Hampshire in the 2020 presidential election?,16003,Republican,0.24,0.77,0.23,0.76,New Hampshire,Trump,9/4,9/4,5/2,9/5,2,2,9/5,9/4,21/10,5/2,2,23/10,23.0,10.0,0.31,0.31,0.29,0.36,0.33,0.33,0.36,0.31,0.32,0.29,0.33,0.3,127000.0,67829.0,2020.0,U.S. President,5/18/20,11/3/20,2020-07-30 12:10:00,general,6241.0,Donald Trump,REP,46.0,2.0,2020-07-31 00:00:00,Joseph R. Trump,42.8,41.38,0.32,0.23,0.08
38,6580,Which party will win New Jersey in the 2020 presidential election?,22061,Democratic,0.95,0.07,0.93,0.05,New Jersey,Biden,1/50,,1/33,1/40,1/25,1/25,1/40,1/33,1/33,1/25,1/50,,0.0,1.0,0.98,,0.97,0.98,0.96,0.96,0.98,0.97,0.97,0.96,0.98,,126865.0,67782.0,2020.0,U.S. President,7/12/20,11/3/20,2020-07-28 12:13:00,general,6242.0,Joseph R. Biden Jr.,DEM,51.2,2.0,2020-07-31 00:00:00,Joseph R. Biden Jr.,54.05,54.32,0.97,0.93,0.02
39,6580,Which party will win New Jersey in the 2020 presidential election?,22060,Republican,0.08,0.93,0.07,0.92,New Jersey,Trump,10,,10,8,9,9,8,10,10,9,44/5,,0.0,1.0,0.09,,0.09,0.11,0.1,0.1,0.11,0.09,0.09,0.1,0.1,,126865.0,67782.0,2020.0,U.S. President,7/12/20,11/3/20,2020-07-28 12:13:00,general,6242.0,Donald Trump,REP,33.4,2.0,2020-07-31 00:00:00,Joseph R. Trump,35.75,34.42,0.1,0.07,0.02
36,6573,Which party will win New Mexico in the 2020 presidential election?,22036,Democratic,0.9,0.11,0.89,0.1,New Mexico,Biden,1/10,1/10,1/10,1/16,1/10,1/10,1/16,1/10,1/10,1/10,1/12,,0.0,1.0,0.91,0.91,0.91,0.94,0.91,0.91,0.94,0.91,0.91,0.91,0.92,,124679.0,66817.0,2020.0,U.S. President,6/13/20,11/3/20,2020-06-16 06:53:00,general,6243.0,Joseph R. Biden Jr.,DEM,53.0,2.0,2020-07-31 00:00:00,Joseph R. Biden Jr.,53.22,53.3,0.92,0.88,0.02
37,6573,Which party will win New Mexico in the 2020 presidential election?,22035,Republican,0.13,0.88,0.12,0.87,New Mexico,Trump,11/2,11/2,11/2,11/2,5,5,11/2,11/2,11/2,11/2,27/5,,0.0,1.0,0.15,0.15,0.15,0.15,0.17,0.17,0.15,0.15,0.15,0.15,0.16,,124679.0,66817.0,2020.0,U.S. President,6/13/20,11/3/20,2020-06-16 06:53:00,general,6243.0,Donald Trump,REP,39.0,2.0,2020-07-31 00:00:00,Joseph R. Trump,42.86,41.4,0.15,0.11,0.02
70,6612,Which party will win New York in the 2020 presidential election?,22162,Democratic,0.96,0.05,0.95,0.04,New York,Biden,1/200,,1/66,1/100,1/50,1/50,1/100,1/100,1/50,1/20,1/100,,0.0,1.0,1.0,,0.99,0.99,0.98,0.98,0.99,0.99,0.98,0.95,0.99,,125000.0,66940.0,2020.0,U.S. President,6/25/20,11/3/20,2020-06-30 06:19:00,general,6245.0,Joseph R. Biden Jr.,DEM,57.0,2.0,2020-07-31 00:00:00,Joseph R. Biden Jr.,57.8,57.86,0.98,0.96,0.02
71,6612,Which party will win New York in the 2020 presidential election?,22161,Republican,0.05,0.96,0.04,0.95,New York,Trump,16,,14,12,10,10,12,16,12,15/2,49/5,,0.0,1.0,0.06,,0.07,0.08,0.09,0.09,0.08,0.06,0.08,0.12,0.09,,125000.0,66940.0,2020.0,U.S. President,6/25/20,11/3/20,2020-06-30 06:19:00,general,6245.0,Donald Trump,REP,32.0,2.0,2020-07-31 00:00:00,Joseph R. Trump,33.53,32.59,0.08,0.05,0.03
14,5599,Which party will win North Carolina in the 2020 presidential election?,16006,Democratic,0.58,0.43,0.57,0.42,North Carolina,Biden,8/11,4/5,8/11,13/20,5/6,5/6,13/20,5/6,3/4,7/10,4/5,4/7,4.0,7.0,0.58,0.56,0.58,0.61,0.55,0.55,0.61,0.55,0.57,0.59,0.56,0.64,126983.0,67839.0,2020.0,U.S. President,7/21/20,11/3/20,2020-07-30 08:37:00,general,6238.0,Joseph R. Biden Jr.,DEM,43.0,2.0,2020-07-31 00:00:00,Joseph R. Biden Jr.,48.12,47.95,0.58,0.56,0.0
15,5599,Which party will win North Carolina in the 2020 presidential election?,16005,Republican,0.45,0.56,0.44,0.55,North Carolina,Trump,1,10/11,1,11/10,5/6,5/6,11/10,5/6,20/21,1,20/21,21/20,21.0,20.0,0.5,0.52,0.5,0.48,0.55,0.55,0.48,0.55,0.51,0.5,0.51,0.49,126983.0,67839.0,2020.0,U.S. President,7/21/20,11/3/20,2020-07-30 08:37:00,general,6238.0,Donald Trump,REP,42.0,2.0,2020-07-31 00:00:00,Joseph R. Trump,45.93,45.98,0.51,0.43,0.06
101,6637,Which party will win North Dakota in the 2020 presidential election?,22266,Democratic,0.07,0.94,0.06,0.93,North Dakota,Biden,14,,14,12,12,12,12,16,,10,25,,0.0,1.0,0.07,,0.07,0.08,0.08,0.08,0.08,0.06,,0.09,0.04,,119801.0,64762.0,2020.0,U.S. President,3/5/20,11/3/20,2020-03-09 11:24:00,general,6239.0,Joseph R. Biden Jr.,DEM,38.0,2.0,2020-07-31 00:00:00,Joseph R. Biden Jr.,37.93,38.54,0.07,0.06,0.0
100,6637,Which party will win North Dakota in the 2020 presidential election?,22265,Republican,0.95,0.06,0.94,0.05,North Dakota,Trump,1/100,,1/66,1/100,1/300,1/300,1/100,1/100,,1/33,1/50,,0.0,1.0,0.99,,0.99,0.99,1.0,1.0,0.99,0.99,,0.97,0.98,,119801.0,64762.0,2020.0,U.S. President,3/5/20,11/3/20,2020-03-09 11:24:00,general,6239.0,Donald Trump,REP,55.0,2.0,2020-07-31 00:00:00,Joseph R. Trump,55.94,52.86,0.99,0.94,0.04
17,5600,Which party will win Ohio in the 2020 presidential election?,16008,Democratic,0.43,0.59,0.41,0.57,Ohio,Biden,6/5,6/5,11/10,21/20,11/10,11/10,21/20,6/5,5/4,11/10,6/5,23/20,23.0,20.0,0.45,0.45,0.48,0.49,0.48,0.48,0.49,0.45,0.44,0.48,0.45,0.47,126886.0,67800.0,2020.0,U.S. President,5/26/20,11/3/20,2020-07-28 15:45:00,general,6246.0,Joseph R. Biden Jr.,DEM,42.0,2.0,2020-07-31 00:00:00,Joseph R. Biden Jr.,46.36,46.41,0.47,0.41,0.04
16,5600,Which party will win Ohio in the 2020 presidential election?,16007,Republican,0.61,0.41,0.59,0.39,Ohio,Trump,8/13,8/13,4/6,4/6,4/6,4/6,4/6,8/13,4/7,4/6,4/6,8/15,8.0,15.0,0.62,0.62,0.6,0.6,0.6,0.6,0.6,0.62,0.64,0.6,0.6,0.65,126886.0,67800.0,2020.0,U.S. President,5/26/20,11/3/20,2020-07-28 15:45:00,general,6246.0,Donald Trump,REP,50.0,2.0,2020-07-31 00:00:00,Joseph R. Trump,47.12,46.85,0.61,0.59,0.0
77,6616,Which party will win Oklahoma in the 2020 presidential election?,22177,Democratic,0.06,0.95,0.05,0.94,Oklahoma,Biden,16,,12,12,10,10,12,16,,10,25,,0.0,1.0,0.06,,0.08,0.08,0.09,0.09,0.08,0.06,,0.09,0.04,,124563.0,66764.0,2020.0,U.S. President,6/4/20,11/3/20,2020-06-08 22:24:00,general,6247.0,Joseph R. Biden Jr.,DEM,36.0,2.0,2020-07-31 00:00:00,Joseph R. Biden Jr.,34.81,34.95,0.07,0.07,0.01
76,6616,Which party will win Oklahoma in the 2020 presidential election?,22176,Republican,0.94,0.07,0.93,0.06,Oklahoma,Trump,1/200,,1/50,1/100,1/100,1/100,1/100,1/100,,1/33,1/50,,0.0,1.0,1.0,,0.98,0.99,0.99,0.99,0.99,0.99,,0.97,0.98,,124563.0,66764.0,2020.0,U.S. President,6/4/20,11/3/20,2020-06-08 22:24:00,general,6247.0,Donald Trump,REP,55.0,2.0,2020-07-31 00:00:00,Joseph R. Trump,58.12,56.76,0.99,0.95,0.05
42,6582,Which party will win Oregon in the 2020 presidential election?,22065,Democratic,0.95,0.06,0.94,0.05,Oregon,Biden,1/80,1/33,1/50,1/40,1/25,1/25,1/40,1/33,1/33,1/25,1/33,1/25,1.0,25.0,0.99,0.97,0.98,0.98,0.96,0.96,0.98,0.97,0.97,0.96,0.97,0.96,,,,,,,,,,,,,,,,,,0.97,0.93,0.02
43,6582,Which party will win Oregon in the 2020 presidential election?,22064,Republican,0.08,0.93,0.07,0.92,Oregon,Trump,12,10,12,8,17/2,17/2,8,10,9,10,43/5,28/5,28.0,5.0,0.08,0.09,0.08,0.11,0.11,0.11,0.11,0.09,0.1,0.09,0.1,0.15,,,,,,,,,,,,,,,,,,0.1,0.06,0.02
2,5543,Which party will win Pennsylvania in the 2020 presidential election?,15705,Democratic,0.73,0.28,0.72,0.27,Pennsylvania,Biden,4/9,2/5,3/10,33/ 100,3/10,3/10,33/ 100,4/11,4/9,3/10,3/10,1/3,1.0,3.0,0.69,0.71,0.77,0.75,0.77,0.77,0.75,0.73,0.69,0.77,0.77,0.75,126985.0,67841.0,2020.0,U.S. President,7/21/20,11/3/20,2020-07-30 08:37:00,general,6249.0,Joseph R. Biden Jr.,DEM,48.0,2.0,2020-07-31 00:00:00,Joseph R. Biden Jr.,49.65,49.51,0.74,0.7,0.01
3,5543,Which party will win Pennsylvania in the 2020 presidential election?,15704,Republican,0.31,0.7,0.3,0.69,Pennsylvania,Trump,13/8,7/4,12/5,2,11/5,11/5,2,2,13/8,9/4,21/10,17/10,17.0,10.0,0.38,0.36,0.29,0.33,0.31,0.31,0.33,0.33,0.38,0.31,0.32,0.37,126985.0,67841.0,2020.0,U.S. President,7/21/20,11/3/20,2020-07-30 08:37:00,general,6249.0,Donald Trump,REP,41.0,2.0,2020-07-31 00:00:00,Joseph R. Trump,42.84,42.87,0.34,0.28,0.03
90,6629,Which party will win Rhode Island in the 2020 presidential election?,22231,Democratic,0.97,0.05,0.95,0.03,Rhode Island,Biden,1/100,,1/50,1/50,1/100,1/100,1/50,1/33,1/33,1/33,1/100,,0.0,1.0,0.99,,0.98,0.98,0.99,0.99,0.98,0.97,0.97,0.97,0.99,,,,,,,,,,,,,,,,,,,0.98,0.95,0.01
91,6629,Which party will win Rhode Island in the 2020 presidential election?,22230,Republican,0.06,0.95,0.05,0.94,Rhode Island,Trump,14,,12,9,10,10,9,10,10,10,25,,0.0,1.0,0.07,,0.08,0.1,0.09,0.09,0.1,0.09,0.09,0.09,0.04,,,,,,,,,,,,,,,,,,,0.08,0.05,0.02
67,6609,Which party will win South Carolina in the 2020 presidential election?,22140,Democratic,0.16,0.86,0.14,0.84,South Carolina,Biden,8,,11/2,8,17/2,17/2,8,9,7,5,37/5,27/5,27.0,5.0,0.11,,0.15,0.11,0.11,0.11,0.11,0.1,0.12,0.17,0.12,0.16,126743.0,67684.0,2020.0,U.S. President,7/20/20,11/3/20,2020-07-27 21:34:00,general,6251.0,Joseph R. Biden Jr.,DEM,45.0,2.0,2020-07-31 00:00:00,Joseph R. Biden Jr.,42.67,42.8,0.12,0.16,-0.04
66,6609,Which party will win South Carolina in the 2020 presidential election?,22139,Republican,0.86,0.16,0.84,0.14,South Carolina,Trump,1/25,,1/10,1/50,1/25,1/25,1/50,1/25,1/20,1/10,1/8,1/16,1.0,16.0,0.96,,0.91,0.98,0.96,0.96,0.98,0.96,0.95,0.91,0.89,0.94,126743.0,67684.0,2020.0,U.S. President,7/20/20,11/3/20,2020-07-27 21:34:00,general,6251.0,Donald Trump,REP,50.0,2.0,2020-07-31 00:00:00,Joseph R. Trump,51.65,50.84,0.95,0.86,0.09
103,6638,Which party will win South Dakota in the 2020 presidential election?,22268,Democratic,0.08,0.94,0.06,0.92,South Dakota,Biden,16,,10,10,10,10,10,16,,9,25,,0.0,1.0,0.06,,0.09,0.09,0.09,0.09,0.09,0.06,,0.1,0.04,,,,,,,,,,,,,,,,,,,0.08,0.08,0.0
102,6638,Which party will win South Dakota in the 2020 presidential election?,22267,Republican,0.93,0.08,0.92,0.07,South Dakota,Trump,1/200,,1/33,1/50,1/100,1/100,1/50,1/100,,1/25,1/50,,0.0,1.0,1.0,,0.97,0.98,0.99,0.99,0.98,0.99,,0.96,0.98,,,,,,,,,,,,,,,,,,,0.98,0.94,0.05
47,6586,Which party will win Tennessee in the 2020 presidential election?,22079,Democratic,0.08,0.93,0.07,0.92,Tennessee,Biden,12,,12,9,17/2,17/2,9,12,,8,42/5,,0.0,1.0,0.08,,0.08,0.1,0.11,0.11,0.1,0.08,,0.11,0.11,,124568.0,66766.0,2020.0,U.S. President,5/22/20,11/3/20,2020-06-09 07:35:00,general,6253.0,Joseph R. Biden Jr.,DEM,42.0,2.0,2020-07-31 00:00:00,Joseph R. Biden Jr.,39.96,40.61,0.1,0.08,0.02
46,6586,Which party will win Tennessee in the 2020 presidential election?,22078,Republican,0.93,0.08,0.92,0.07,Tennessee,Trump,1/80,,1/50,1/50,1/100,1/100,1/50,1/50,,1/20,1/50,,0.0,1.0,0.99,,0.98,0.98,0.99,0.99,0.98,0.98,,0.95,0.98,,124568.0,66766.0,2020.0,U.S. President,5/22/20,11/3/20,2020-06-09 07:35:00,general,6253.0,Donald Trump,REP,51.0,2.0,2020-07-31 00:00:00,Joseph R. Trump,53.5,52.08,0.98,0.93,0.05
29,5798,Which party will win Texas in the 2020 presidential election?,16949,Democratic,0.37,0.64,0.36,0.63,Texas,Biden,7/4,7/4,6/4,8/5,13/8,13/8,8/5,7/4,13/8,8/5,13/8,7/5,7.0,5.0,0.36,0.36,0.4,0.38,0.38,0.38,0.38,0.36,0.38,0.38,0.38,0.42,126888.0,67802.0,2020.0,U.S. President,5/26/20,11/3/20,2020-07-28 15:45:00,general,6254.0,Joseph R. Biden Jr.,DEM,43.0,2.0,2020-07-31 00:00:00,Joseph R. Biden Jr.,46.65,46.41,0.38,0.36,0.01
28,5798,Which party will win Texas in the 2020 presidential election?,16948,Republican,0.65,0.36,0.64,0.35,Texas,Trump,2/5,2/5,1/2,11/25,4/9,4/9,11/25,2/5,4/9,5/11,1/2,2/5,2.0,5.0,0.71,0.71,0.67,0.69,0.69,0.69,0.69,0.71,0.69,0.69,0.67,0.71,126888.0,67802.0,2020.0,U.S. President,5/26/20,11/3/20,2020-07-28 15:45:00,general,6254.0,Donald Trump,REP,50.0,2.0,2020-07-31 00:00:00,Joseph R. Trump,45.71,45.79,0.69,0.64,0.04
45,6585,Which party will win Utah in the 2020 presidential election?,22077,Democratic,0.12,0.9,0.1,0.88,Utah,Biden,11/2,,11/2,8,6,6,8,7,11/2,5,24/5,,0.0,1.0,0.15,,0.15,0.11,0.14,0.14,0.11,0.12,0.15,0.17,0.17,,124775.0,66525.0,2020.0,U.S. President,5/15/20,11/3/20,2020-06-18 20:09:00,general,6255.0,Joseph R. Biden Jr.,DEM,38.0,2.0,2020-07-31 00:00:00,Joseph R. Biden Jr.,37.21,37.86,0.14,0.12,0.02
44,6585,Which party will win Utah in the 2020 presidential election?,22076,Republican,0.89,0.12,0.88,0.11,Utah,Trump,1/10,,1/10,1/50,1/14,1/14,1/50,1/16,1/12,1/10,2/13,,0.0,1.0,0.91,,0.91,0.98,0.93,0.93,0.98,0.94,0.92,0.91,0.87,,124775.0,66525.0,2020.0,U.S. President,5/15/20,11/3/20,2020-06-18 20:09:00,general,6255.0,Donald Trump,REP,48.0,2.0,2020-07-31 00:00:00,Joseph R. Trump,48.27,46.49,0.93,0.9,0.04
96,6633,Which party will win Vermont in the 2020 presidential election?,22244,Democratic,0.98,0.04,0.96,0.02,Vermont,Biden,1/100,,1/50,1/100,1/100,1/100,1/100,1/50,,1/41,1/100,,0.0,1.0,0.99,,0.98,0.99,0.99,0.99,0.99,0.98,,0.98,0.99,,,,,,,,,,,,,,,,,,,0.99,0.97,0.01
97,6633,Which party will win Vermont in the 2020 presidential election?,22243,Republican,0.04,0.97,0.03,0.96,Vermont,Trump,14,,12,12,10,10,12,12,,12,76/5,,0.0,1.0,0.07,,0.08,0.08,0.09,0.09,0.08,0.08,,0.08,0.06,,,,,,,,,,,,,,,,,,,0.08,0.04,0.04
20,5602,Which party will win Virginia in the 2020 presidential election?,16012,Democratic,0.91,0.1,0.9,0.09,Virginia,Biden,1/10,1/10,1/9,1/7,1/7,1/7,1/7,1/8,1/8,1/8,1/10,1/8,1.0,8.0,0.91,0.91,0.9,0.88,0.88,0.88,0.88,0.89,0.89,0.89,0.91,0.89,126992.0,67844.0,2020.0,U.S. President,7/19/20,11/3/20,2020-07-30 09:01:00,general,6256.0,Joseph R. Biden Jr.,DEM,50.0,2.0,2020-07-31 00:00:00,Joseph R. Biden Jr.,50.44,50.74,0.89,0.89,-0.02
21,5602,Which party will win Virginia in the 2020 presidential election?,16011,Republican,0.12,0.89,0.11,0.88,Virginia,Trump,11/2,11/2,5,7/2,4,4,7/2,9/2,9/2,9/2,4,7/2,7.0,2.0,0.15,0.15,0.17,0.22,0.2,0.2,0.22,0.18,0.18,0.18,0.2,0.22,126992.0,67844.0,2020.0,U.S. President,7/19/20,11/3/20,2020-07-30 09:01:00,general,6256.0,Donald Trump,REP,39.0,2.0,2020-07-31 00:00:00,Joseph R. Trump,41.04,39.96,0.19,0.1,0.07
60,6598,Which party will win Washington in the 2020 presidential election?,22114,Democratic,0.95,0.06,0.94,0.05,Washington,Biden,1/100,1/33,1/50,1/50,1/25,1/25,1/50,1/25,1/20,1/25,1/50,,0.0,1.0,0.99,0.97,0.98,0.98,0.96,0.96,0.98,0.96,0.95,0.96,0.98,,126894.0,67806.0,2020.0,U.S. President,7/27/20,11/3/20,2020-07-28 18:39:00,general,6258.0,Joseph R. Biden Jr.,DEM,62.0,2.0,2020-07-31 00:00:00,Joseph R. Biden Jr.,58.73,59.12,0.97,0.94,0.02
61,6598,Which party will win Washington in the 2020 presidential election?,22113,Republican,0.08,0.94,0.06,0.92,Washington,Trump,14,12,12,10,15/2,15/2,10,9,8,9,25,,0.0,1.0,0.07,0.08,0.08,0.09,0.12,0.12,0.09,0.1,0.11,0.1,0.04,,126894.0,67806.0,2020.0,U.S. President,7/27/20,11/3/20,2020-07-28 18:39:00,general,6258.0,Donald Trump,REP,28.0,2.0,2020-07-31 00:00:00,Joseph R. Trump,33.34,32.24,0.09,0.06,0.01
75,6615,Which party will win West Virginia in the 2020 presidential election?,22175,Democratic,0.07,0.94,0.06,0.93,West Virginia,Biden,14,,12,11,10,10,11,16,,10,49/5,,0.0,1.0,0.07,,0.08,0.08,0.09,0.09,0.08,0.06,,0.09,0.09,,115783.0,63283.0,2020.0,U.S. President,1/9/20,11/3/20,2020-01-15 14:28:00,general,6260.0,Joseph R. Biden Jr.,DEM,31.0,2.0,2020-07-31 00:00:00,Joseph R. Biden Jr.,33.28,33.92,0.08,0.06,0.01
74,6615,Which party will win West Virginia in the 2020 presidential election?,22174,Republican,0.95,0.06,0.94,0.05,West Virginia,Trump,1/100,,1/66,1/100,1/100,1/100,1/100,1/100,,1/33,1/50,,0.0,1.0,0.99,,0.99,0.99,0.99,0.99,0.99,0.99,,0.97,0.98,,115783.0,63283.0,2020.0,U.S. President,1/9/20,11/3/20,2020-01-15 14:28:00,general,6260.0,Donald Trump,REP,66.0,2.0,2020-07-31 00:00:00,Joseph R. Trump,63.65,60.71,0.99,0.94,0.04
0,5542,Which party will win Wisconsin in the 2020 presidential election?,15703,Democratic,0.7,0.31,0.69,0.3,Wisconsin,Biden,2/5,4/9,2/5,2/5,3/10,3/10,2/5,4/9,9/20,2/5,1/3,4/11,4.0,11.0,0.71,0.69,0.71,0.71,0.77,0.77,0.71,0.69,0.69,0.71,0.75,0.73,126987.0,67843.0,2020.0,U.S. President,7/24/20,11/3/20,2020-07-30 08:38:00,general,6259.0,Joseph R. Biden Jr.,DEM,45.0,2.0,2020-07-31 00:00:00,Joseph R. Biden Jr.,48.81,48.6,0.72,0.69,0.02
1,5542,Which party will win Wisconsin in the 2020 presidential election?,15702,Republican,0.32,0.69,0.31,0.68,Wisconsin,Trump,7/4,13/8,7/4,7/4,11/5,11/5,7/4,13/8,31/20,7/4,15/8,13/8,13.0,8.0,0.36,0.38,0.36,0.36,0.31,0.31,0.36,0.38,0.39,0.36,0.35,0.38,126987.0,67843.0,2020.0,U.S. President,7/24/20,11/3/20,2020-07-30 08:38:00,general,6259.0,Donald Trump,REP,35.0,2.0,2020-07-31 00:00:00,Joseph R. Trump,41.48,41.53,0.36,0.31,0.04
95,6632,Which party will win Wyoming in the 2020 presidential election?,22242,Democratic,0.06,0.95,0.05,0.94,Wyoming,Biden,20,,12,14,10,10,14,16,,12,51/5,,0.0,1.0,0.05,,0.08,0.07,0.09,0.09,0.07,0.06,,0.08,0.09,,,,,,,,,,,,,,,,,,,0.08,0.05,0.02
94,6632,Which party will win Wyoming in the 2020 presidential election?,22241,Republican,0.96,0.05,0.95,0.04,Wyoming,Trump,1/150,,1/66,1/100,1/100,1/100,1/100,1/100,,1/41,1/100,,0.0,1.0,0.99,,0.99,0.99,0.99,0.99,0.99,0.99,,0.98,0.99,,,,,,,,,,,,,,,,,,,0.99,0.95,0.03
